Time [s]; Voltage [V]; Current [A]
1723053224022760000; 4.74684111328125; 0.0
1723053224022770000; 4.748333984375; 0.0
1723053224022780000; 4.74971416015625; 0.0
1723053224022790000; 4.7510000976562505; 0.0
1723053224022800000; 4.752195800781251; 0.0
1723053224022810000; 4.75330380859375; 0.0
1723053224022820000; 4.75433564453125; 0.0
1723053224022830000; 4.7552975585937505; 0.0
1723053224022840000; 4.75619130859375; 0.0
1723053224022850000; 4.757026171875; 0.0
1723053224022860000; 4.75780166015625; 0.0
1723053224022870000; 4.75852236328125; 0.0
1723053224022880000; 4.75918701171875; 0.0
1723053224022890000; 4.7598052734375; 0.0
1723053224022900000; 4.760380078124999; 0.0
1723053224022910000; 4.7608841796875; 0.0
1723053224022920000; 4.761090234375001; 0.0
1723053224022930000; 4.7605316406250004; 0.0
1723053224022940000; 4.759295703125; 0.0
1723053224022950000; 4.75733974609375; 2.3732503255208337e-06
1723053224022960000; 4.748217578125; 0.00015215962727864586
1723053224022970000; 4.73449384765625; 0.0002575398763020835
1723053224022980000; 4.72626083984375; 0.0003408172607421875
1723053224022990000; 4.720215625; 0.0004090799967447917
1723053224023000000; 4.71495087890625; 0.0005950439453125
1723053224023010000; 4.709883203125; 0.0005956766764322916
1723053224023020000; 4.7048575195312505; 0.0006024912516276042
1723053224023030000; 4.69987236328125; 0.0006124104817708334
1723053224023040000; 4.69487666015625; 0.0006254130045572917
1723053224023050000; 4.68991923828125; 0.0006385965983072917
1723053224023060000; 4.6849107421875; 0.0006553792317708333
1723053224023070000; 4.6798919921875; 0.0006707366943359376
1723053224023080000; 4.67491220703125; 0.0006857625325520834
1723053224023090000; 4.669891796875; 0.0007025919596354167
1723053224023100000; 4.66487626953125; 0.0007185201009114584
1723053224023110000; 4.6598438476562505; 0.0007359242757161459
1723053224023120000; 4.65481416015625; 0.0007519663492838542
1723053224023130000; 4.6498107421875; 0.0007681986490885417
1723053224023140000; 4.6448015625; 0.0007850535074869793
1723053224023150000; 4.63982548828125; 0.0008004638671875
1723053224023160000; 4.63483232421875; 0.0008168131510416667
1723053224023170000; 4.6298149414062495; 0.0008325408935546876
1723053224023180000; 4.624826855468751; 0.000847772216796875
1723053224023190000; 4.6197933593750005; 0.0008634480794270833
1723053224023200000; 4.6148478515625; 0.0008769409179687502
1723053224023210000; 4.60985400390625; 0.0008928599039713541
1723053224023220000; 4.6048318359375005; 0.0009083669026692709
1723053224023230000; 4.59985703125; 0.0009223520914713542
1723053224023240000; 4.59483193359375; 0.0009375427246093751
1723053224023250000; 4.58985263671875; 0.0009512278238932293
1723053224023260000; 4.5848177734375; 0.0009666188557942709
1723053224023270000; 4.5797780273437505; 0.0009809611002604168
1723053224023280000; 4.57480947265625; 0.0009946156819661458
1723053224023290000; 4.5697650390625; 0.0010107198079427084
1723053224023300000; 4.5647876953125; 0.0010241221110026044
1723053224023310000; 4.55978017578125; 0.001038335164388021
1723053224023320000; 4.5547807617187495; 0.0010520009358723958
1723053224023330000; 4.5497904296875005; 0.0010652130126953127
1723053224023340000; 4.54477763671875; 0.0010789560953776043
1723053224023350000; 4.5397947265625; 0.001091582234700521
1723053224023360000; 4.53482099609375; 0.0011043955485026042
1723053224023370000; 4.52979541015625; 0.0011184702555338542
1723053224023380000; 4.52479931640625; 0.0011309804280598959
1723053224023390000; 4.5198050781250005; 0.0011435302734375
1723053224023400000; 4.5148232421875; 0.0011558013916015625
1723053224023410000; 4.5098125; 0.0011685557047526043
1723053224023420000; 4.50478173828125; 0.0011815989176432293
1723053224023430000; 4.4997650390625; 0.001194122314453125
1723053224023440000; 4.49474794921875; 0.001207207234700521
1723053224023450000; 4.48976103515625; 0.0012196624755859376
1723053224023460000; 4.48476611328125; 0.0012320994059244793
1723053224023470000; 4.47976142578125; 0.001244145711263021
1723053224023480000; 4.47477763671875; 0.0012557790120442708
1723053224023490000; 4.46976171875; 0.0012674133300781252
1723053224023500000; 4.46478564453125; 0.0012787027994791667
1723053224023510000; 4.45979609375; 0.0012902933756510418
1723053224023520000; 4.454815234375; 0.0013014017740885417
1723053224023530000; 4.4498279296875; 0.001312908935546875
1723053224023540000; 4.444797265625; 0.001324382527669271
1723053224023550000; 4.43980712890625; 0.00133516845703125
1723053224023560000; 4.434790234375; 0.0013464192708333334
1723053224023570000; 4.4297609375; 0.0013575174967447917
1723053224023580000; 4.42474638671875; 0.001368686930338542
1723053224023590000; 4.4197280273437505; 0.0013798838297526042
1723053224023600000; 4.414748828125; 0.0013909393310546875
1723053224023610000; 4.40973642578125; 0.0014021199544270834
1723053224023620000; 4.4047283203125; 0.0014125376383463542
1723053224023630000; 4.39974716796875; 0.0014226969401041666
1723053224023640000; 4.39472900390625; 0.0014329935709635417
1723053224023650000; 4.3897404296875; 0.0014429840087890624
1723053224023660000; 4.38473193359375; 0.0014533681233723959
1723053224023670000; 4.379775097656251; 0.0014624603271484377
1723053224023680000; 4.374783984375; 0.0014730255126953126
1723053224023690000; 4.369761328125; 0.001482903035481771
1723053224023700000; 4.364780664062501; 0.0014919881184895832
1723053224023710000; 4.35976953125; 0.0015019897460937502
1723053224023720000; 4.35475537109375; 0.0015115519205729166
1723053224023730000; 4.34972724609375; 0.0015216135660807292
1723053224023740000; 4.34469287109375; 0.00153154296875
1723053224023750000; 4.3397069335937495; 0.0015410736083984375
1723053224023760000; 4.3346994140625; 0.0015509053548177084
1723053224023770000; 4.329698242187501; 0.0015600474039713544
1723053224023780000; 4.3247177734375; 0.0015688924153645833
1723053224023790000; 4.319702539062501; 0.0015781504313151042
1723053224023800000; 4.31471884765625; 0.0015866597493489583
1723053224023810000; 4.30971650390625; 0.0015957855224609377
1723053224023820000; 4.304716015625; 0.0016043863932291669
1723053224023830000; 4.2997707031250005; 0.0016125691731770832
1723053224023840000; 4.29476083984375; 0.0016215057373046877
1723053224023850000; 4.2897638671875; 0.0016297241210937502
1723053224023860000; 4.28473154296875; 0.0016384908040364585
1723053224023870000; 4.27971806640625; 0.0016470682779947917
1723053224023880000; 4.27472421875; 0.0016554545084635417
1723053224023890000; 4.26968447265625; 0.001664494832356771
1723053224023900000; 4.2646561523437505; 0.0016730112711588543
1723053224023910000; 4.2596564453125; 0.0016813395182291668
1723053224023920000; 4.254659765625; 0.001689446004231771
1723053224023930000; 4.24968935546875; 0.0016972625732421876
1723053224023940000; 4.24467294921875; 0.001705309041341146
1723053224023950000; 4.23965908203125; 0.0017132334391276045
1723053224023960000; 4.2346498046875; 0.0017209014892578126
1723053224023970000; 4.22966142578125; 0.0017284434000651042
1723053224023980000; 4.2247107421875; 0.0017358327229817711
1723053224023990000; 4.21973330078125; 0.0017431223551432292
1723053224024000000; 4.2147047851562505; 0.0017506835937500002
1723053224024010000; 4.20969287109375; 0.001758208211263021
1723053224024020000; 4.2046765625; 0.0017657908121744793
1723053224024030000; 4.19969384765625; 0.001773137410481771
1723053224024040000; 4.1946685546874996; 0.0017810139973958334
1723053224024050000; 4.1896107421875; 0.0017885874430338545
1723053224024060000; 4.18464560546875; 0.0017956817626953126
1723053224024070000; 4.1796412109375005; 0.0018030731201171876
1723053224024080000; 4.1746542968750004; 0.001809912109375
1723053224024090000; 4.1696607421875; 0.0018168304443359376
1723053224024100000; 4.1646369140625; 0.0018238108317057292
1723053224024110000; 4.159651171875001; 0.0018306182861328128
1723053224024120000; 4.15465146484375; 0.0018373748779296874
1723053224024130000; 4.1496715820312495; 0.001843798828125
1723053224024140000; 4.14471240234375; 0.0018500162760416669
1723053224024150000; 4.13969248046875; 0.0018567901611328127
1723053224024160000; 4.1346791015625; 0.0018632822672526041
1723053224024170000; 4.129682421875; 0.0018697204589843753
1723053224024180000; 4.1246970703125; 0.0018764292399088543
1723053224024190000; 4.11968134765625; 0.0018832194010416667
1723053224024200000; 4.1146328125; 0.001890031941731771
1723053224024210000; 4.1096169921875; 0.0018964060465494791
1723053224024220000; 4.10463935546875; 0.0019025360107421875
1723053224024230000; 4.0996607421875; 0.0019086313883463542
1723053224024240000; 4.09466455078125; 0.0019147562662760417
1723053224024250000; 4.0896435546875; 0.0019209116617838543
1723053224024260000; 4.08464140625; 0.0019270690917968752
1723053224024270000; 4.07965; 0.00193292236328125
1723053224024280000; 4.0746756835937505; 0.0019385874430338543
1723053224024290000; 4.06968017578125; 0.0019442138671875
1723053224024300000; 4.06471005859375; 0.0019496164957682294
1723053224024310000; 4.05969716796875; 0.0019554840087890627
1723053224024320000; 4.054696875; 0.0019612803141276043
1723053224024330000; 4.049711328125; 0.001967155965169271
1723053224024340000; 4.04467900390625; 0.0019731292724609376
1723053224024350000; 4.03964306640625; 0.0019790496826171877
1723053224024360000; 4.03462197265625; 0.001984654744466146
1723053224024370000; 4.029619921875; 0.0019900095621744793
1723053224024380000; 4.02464697265625; 0.0019954142252604167
1723053224024390000; 4.019644140625; 0.0020009592692057294
1723053224024400000; 4.01461796875; 0.0020063008626302085
1723053224024410000; 4.009615820312501; 0.00201151123046875
1723053224024420000; 4.00463310546875; 0.002016705322265625
1723053224024430000; 3.9996486328125003; 0.002021702067057292
1723053224024440000; 3.99463017578125; 0.00202672119140625
1723053224024450000; 3.98968388671875; 0.002031375122070313
1723053224024460000; 3.9846835937500003; 0.0020366312662760417
1723053224024470000; 3.9796609375000003; 0.0020416239420572918
1723053224024480000; 3.9746890625000004; 0.0020468963623046874
1723053224024490000; 3.9696684570312497; 0.0020522318522135418
1723053224024500000; 3.9646371093750004; 0.0020574523925781254
1723053224024510000; 3.95961982421875; 0.0020624613444010418
1723053224024520000; 3.9546001953125; 0.0020671773274739584
1723053224024530000; 3.94965703125; 0.002071702067057292
1723053224024540000; 3.9446179687500003; 0.0020765594482421877
1723053224024550000; 3.939594140625; 0.0020813720703125003
1723053224024560000; 3.9346211914062503; 0.00208616943359375
1723053224024570000; 3.92961904296875; 0.0020905405680338544
1723053224024580000; 3.9246490234375; 0.0020948577880859375
1723053224024590000; 3.9196182617187505; 0.0020992919921875002
1723053224024600000; 3.91460283203125; 0.002103691609700521
1723053224024610000; 3.9096567382812504; 0.0021078450520833334
1723053224024620000; 3.90466474609375; 0.002112565104166667
1723053224024630000; 3.8996748046875003; 0.002117115275065104
1723053224024640000; 3.8946444335937502; 0.0021218892415364584
1723053224024650000; 3.8896231445312504; 0.0021264129638671877
1723053224024660000; 3.8846089843750002; 0.0021307525634765624
1723053224024670000; 3.8795973632812504; 0.0021349375406901046
1723053224024680000; 3.87460009765625; 0.0021390218098958336
1723053224024690000; 3.86959970703125; 0.0021431660970052087
1723053224024700000; 3.86458056640625; 0.00214749755859375
1723053224024710000; 3.85958955078125; 0.002151598103841146
1723053224024720000; 3.85460615234375; 0.002155734252929688
1723053224024730000; 3.8496266601562503; 0.002159368896484375
1723053224024740000; 3.8446076171875; 0.002163219197591146
1723053224024750000; 3.83958515625; 0.002167121378580729
1723053224024760000; 3.8346225585937503; 0.0021709187825520834
1723053224024770000; 3.8296866210937504; 0.0021747131347656253
1723053224024780000; 3.82471435546875; 0.002178795369466146
1723053224024790000; 3.81966787109375; 0.0021830403645833334
1723053224024800000; 3.8146257812499997; 0.0021872192382812504
1723053224024810000; 3.80962919921875; 0.002190984090169271
1723053224024820000; 3.8046214843749997; 0.002194597371419271
1723053224024830000; 3.7996294921875; 0.00219833984375
1723053224024840000; 3.79462890625; 0.002201954142252604
1723053224024850000; 3.7895913085937503; 0.0022058247884114584
1723053224024860000; 3.7845786132812504; 0.0022095316569010416
1723053224024870000; 3.77960712890625; 0.002212952677408854
1723053224024880000; 3.7746328125; 0.002216234334309896
1723053224024890000; 3.76962158203125; 0.002219589233398438
1723053224024900000; 3.7645912109375; 0.0022230295817057292
1723053224024910000; 3.7595767578125003; 0.0022264475504557295
1723053224024920000; 3.7546481445312505; 0.0022296661376953126
1723053224024930000; 3.7496401367187504; 0.0022334604899088544
1723053224024940000; 3.74462607421875; 0.002237127685546875
1723053224024950000; 3.7396041015625; 0.0022407725016276043
1723053224024960000; 3.73461015625; 0.002243987019856771
1723053224024970000; 3.729619140625; 0.002247240193684896
1723053224024980000; 3.72456796875; 0.0022505818684895834
1723053224024990000; 3.7195552734375004; 0.002253904215494792
1723053224025000000; 3.7145681640625003; 0.002257213338216146
1723053224025010000; 3.7095766601562503; 0.002260477701822917
1723053224025020000; 3.7045796875000003; 0.0022635833740234377
1723053224025030000; 3.6995794921875; 0.0022664560953776043
1723053224025040000; 3.6945718750000003; 0.0022692860921223958
1723053224025050000; 3.6895777343750003; 0.0022722198486328127
1723053224025060000; 3.68457822265625; 0.002275365193684896
1723053224025070000; 3.679580078125; 0.0022785797119140626
1723053224025080000; 3.67463193359375; 0.0022815917968750004
1723053224025090000; 3.66963662109375; 0.002284770711263021
1723053224025100000; 3.664619140625; 0.0022879536946614583
1723053224025110000; 3.6596142578125; 0.00229080810546875
1723053224025120000; 3.65459423828125; 0.0022937398274739586
1723053224025130000; 3.64957900390625; 0.002296599324544271
1723053224025140000; 3.6445603515625; 0.0022996083577473962
1723053224025150000; 3.6395418945312503; 0.0023026448567708335
1723053224025160000; 3.6345815429687502; 0.0023054565429687503
1723053224025170000; 3.6295853515624996; 0.0023081024169921876
1723053224025180000; 3.6245749999999997; 0.0023107025146484376
1723053224025190000; 3.6195645507812504; 0.002313218180338542
1723053224025200000; 3.6145662109375003; 0.002315826416015625
1723053224025210000; 3.6095751953125; 0.002318504842122396
1723053224025220000; 3.60455693359375; 0.0023212036132812504
1723053224025230000; 3.59964091796875; 0.002324034627278646
1723053224025240000; 3.59461787109375; 0.002326953125
1723053224025250000; 3.58958505859375; 0.0023297444661458337
1723053224025260000; 3.5846013671875; 0.0023323028564453127
1723053224025270000; 3.5795859375000005; 0.002334765625
1723053224025280000; 3.5745799804687497; 0.0023373921712239584
1723053224025290000; 3.5695671875; 0.002340108235677084
1723053224025300000; 3.5645255859375; 0.0023427734375
1723053224025310000; 3.5595737304687503; 0.0023451049804687502
1723053224025320000; 3.55457333984375; 0.0023476348876953126
1723053224025330000; 3.54955625; 0.0023497934977213543
1723053224025340000; 3.5445685546875; 0.0023520222981770838
1723053224025350000; 3.5395494140625; 0.002354214477539063
1723053224025360000; 3.53456552734375; 0.0023566040039062503
1723053224025370000; 3.5295634765624997; 0.0023591440836588542
1723053224025380000; 3.5245395507812503; 0.002361777750651042
1723053224025390000; 3.5196154296874997; 0.0023641916910807294
1723053224025400000; 3.5146119140625003; 0.0023665262858072918
1723053224025410000; 3.5095990234375; 0.0023688435872395836
1723053224025420000; 3.5045833984375; 0.002371103922526042
1723053224025430000; 3.4995720703125; 0.0023734039306640624
1723053224025440000; 3.49460185546875; 0.002375755818684896
1723053224025450000; 3.48956650390625; 0.0023781687418619793
1723053224025460000; 3.48456611328125; 0.0023805430094401042
1723053224025470000; 3.4795779296875002; 0.00238243408203125
1723053224025480000; 3.47458369140625; 0.002384375
1723053224025490000; 3.4695775390625; 0.0023862070719401045
1723053224025500000; 3.4645658203124996; 0.0023882609049479166
1723053224025510000; 3.45957998046875; 0.002390367635091146
1723053224025520000; 3.4545749023437504; 0.0023926544189453126
1723053224025530000; 3.44956572265625; 0.0023948628743489585
1723053224025540000; 3.44457890625; 0.0023971638997395835
1723053224025550000; 3.4396361328125; 0.002399156697591146
1723053224025560000; 3.43464404296875; 0.0024011993408203126
1723053224025570000; 3.4296208007812496; 0.0024032114664713543
1723053224025580000; 3.4245761718750005; 0.0024053426106770835
1723053224025590000; 3.4195458984375; 0.0024073872884114588
1723053224025600000; 3.41452275390625; 0.0024095458984375
1723053224025610000; 3.409496875; 0.0024115183512369793
1723053224025620000; 3.4045140625; 0.002413194783528646
1723053224025630000; 3.39948359375; 0.00241494140625
1723053224025640000; 3.3944772460937505; 0.002416576131184896
1723053224025650000; 3.38947109375; 0.0024183736165364587
1723053224025660000; 3.3844744140625; 0.0024203959147135416
1723053224025670000; 3.37950283203125; 0.0024223734537760417
1723053224025680000; 3.37448876953125; 0.0024243062337239584
1723053224025690000; 3.36947275390625; 0.002426249186197917
1723053224025700000; 3.3645480468750004; 0.0024280131022135416
1723053224025710000; 3.3595358398437503; 0.002429857381184896
1723053224025720000; 3.35451171875; 0.0024316741943359375
1723053224025730000; 3.34951123046875; 0.0024334981282552086
1723053224025740000; 3.34449140625; 0.00243548583984375
1723053224025750000; 3.3394671875; 0.0024373992919921876
1723053224025760000; 3.33446162109375; 0.0024390502929687503
1723053224025770000; 3.32944482421875; 0.002440574137369792
1723053224025780000; 3.324460546875; 0.002442045084635417
1723053224025790000; 3.3194654296875; 0.002443583170572917
1723053224025800000; 3.3144369140625; 0.0024451324462890626
1723053224025810000; 3.3094421875; 0.0024468546549479167
1723053224025820000; 3.3044284179687504; 0.002448534138997396
1723053224025830000; 3.2994602539062496; 0.0024502777099609375
1723053224025840000; 3.2944574218750002; 0.0024519582112630207
1723053224025850000; 3.28944033203125; 0.002453679402669271
1723053224025860000; 3.28452158203125; 0.002455268351236979
1723053224025870000; 3.27951494140625; 0.0024568918863932293
1723053224025880000; 3.2744916015625; 0.0024586517333984375
1723053224025890000; 3.269462890625; 0.0024602711995442713
1723053224025900000; 3.26444375; 0.002461874389648438
1723053224025910000; 3.25940869140625; 0.002463358561197917
1723053224025920000; 3.25440029296875; 0.002464676920572917
1723053224025930000; 3.2494041015625; 0.0024659016927083333
1723053224025940000; 3.24442255859375; 0.002467314656575521
1723053224025950000; 3.23943896484375; 0.0024687032063802085
1723053224025960000; 3.23439697265625; 0.0024702178955078127
1723053224025970000; 3.22940546875; 0.002471814982096354
1723053224025980000; 3.2244114257812497; 0.0024733846028645833
1723053224025990000; 3.2194158203125; 0.002474814860026042
1723053224026000000; 3.21441220703125; 0.0024761627197265627
1723053224026010000; 3.2093983398437502; 0.0024775461832682293
1723053224026020000; 3.2044740234375; 0.002479031372070313
1723053224026030000; 3.1994700195312498; 0.0024805857340494796
1723053224026040000; 3.1944602539062497; 0.0024821807861328126
1723053224026050000; 3.1894283203125; 0.0024836883544921877
1723053224026060000; 3.1844068359375; 0.0024849599202473958
1723053224026070000; 3.17939990234375; 0.0024860585530598962
1723053224026080000; 3.17439140625; 0.002486991373697917
1723053224026090000; 3.16944482421875; 0.002488222249348958
1723053224026100000; 3.1644180664062502; 0.002489500935872396
1723053224026110000; 3.15938466796875; 0.002490781656901042
1723053224026120000; 3.1543951171874998; 0.002492174275716146
1723053224026130000; 3.14939580078125; 0.0024935638427734377
1723053224026140000; 3.14441318359375; 0.0024948750813802083
1723053224026150000; 3.13938583984375; 0.0024962259928385418
1723053224026160000; 3.1343685546875; 0.0024974456787109373
1723053224026170000; 3.12946484375; 0.0024987335205078126
1723053224026180000; 3.1244656250000005; 0.0025001241048177086
1723053224026190000; 3.11942099609375; 0.0025015380859375004
1723053224026200000; 3.1143931640624998; 0.002502907307942708
1723053224026210000; 3.109342578125; 0.00250394287109375
1723053224026220000; 3.1043541015625; 0.002504862467447917
1723053224026230000; 3.09933291015625; 0.002505767822265625
1723053224026240000; 3.0943062500000003; 0.0025068339029947918
1723053224026250000; 3.089340234375; 0.00250802001953125
1723053224026260000; 3.0842990234375005; 0.0025091918945312503
1723053224026270000; 3.0793071289062497; 0.0025105255126953124
1723053224026280000; 3.0743068359375; 0.002511589558919271
1723053224026290000; 3.069300390625; 0.0025128163655598963
1723053224026300000; 3.0643021484374997; 0.0025138417561848957
1723053224026310000; 3.05925439453125; 0.0025149658203125003
1723053224026320000; 3.054280859375; 0.0025162373860677083
1723053224026330000; 3.0493509765624998; 0.002517374674479167
1723053224026340000; 3.0443575195312502; 0.002518741861979167
1723053224026350000; 3.03933349609375; 0.0025198883056640627
1723053224026360000; 3.0342738281250003; 0.002520811971028646
1723053224026370000; 3.0292751953125; 0.002521599324544271
1723053224026380000; 3.0242873046875003; 0.0025223470052083336
1723053224026390000; 3.01928154296875; 0.0025232655843098963
1723053224026400000; 3.01426865234375; 0.002524311319986979
1723053224026410000; 3.0092734375000005; 0.0025255086263020836
1723053224026420000; 3.0042811523437503; 0.0025265187581380213
1723053224026430000; 2.9992989257812503; 0.0025274912516276044
1723053224026440000; 2.99429892578125; 0.0025285807291666666
1723053224026450000; 2.989298046875; 0.002529460652669271
1723053224026460000; 2.98426220703125; 0.002530402628580729
1723053224026470000; 2.9792439453125; 0.0025314483642578127
1723053224026480000; 2.97435390625; 0.002532676188151042
1723053224026490000; 2.9693568359375; 0.0025340189615885417
1723053224026500000; 2.964304296875; 0.0025349507649739585
1723053224026510000; 2.95927744140625; 0.002535714721679688
1723053224026520000; 2.95426376953125; 0.0025361694335937503
1723053224026530000; 2.9492728515624997; 0.0025370005289713543
1723053224026540000; 2.94426630859375; 0.0025378438313802087
1723053224026550000; 2.9392408203125; 0.002538615926106771
1723053224026560000; 2.93424912109375; 0.002539680989583333
1723053224026570000; 2.92925888671875; 0.0025406870524088544
1723053224026580000; 2.92424560546875; 0.0025414560953776043
1723053224026590000; 2.9192526367187503; 0.002542366536458334
1723053224026600000; 2.914247265625; 0.002543285115559896
1723053224026610000; 2.9092300781250002; 0.0025441721598307293
1723053224026620000; 2.9042428710937505; 0.002545209757486979
1723053224026630000; 2.89924365234375; 0.002546245320638021
1723053224026640000; 2.8943215820312505; 0.0025471730550130213
1723053224026650000; 2.8893204101562504; 0.0025481526692708333
1723053224026660000; 2.8842634765625004; 0.002548906453450521
1723053224026670000; 2.8792494140625; 0.002549363199869792
1723053224026680000; 2.8742495117187503; 0.002549896240234375
1723053224026690000; 2.8692648437500003; 0.0025505839029947917
1723053224026700000; 2.8642240234374996; 0.0025512797037760423
1723053224026710000; 2.8591828125000003; 0.0025521616617838546
1723053224026720000; 2.85423017578125; 0.002553115844726563
1723053224026730000; 2.849258984375; 0.00255390625
1723053224026740000; 2.844255859375; 0.002554545084635417
1723053224026750000; 2.83923291015625; 0.0025553527832031255
1723053224026760000; 2.8342227539062503; 0.002556126912434896
1723053224026770000; 2.82922021484375; 0.0025570109049479167
1723053224026780000; 2.8242255859375; 0.0025580881754557294
1723053224026790000; 2.8192592773437504; 0.0025590342203776046
1723053224026800000; 2.8143166992187503; 0.0025597269694010417
1723053224026810000; 2.809283984375; 0.002560307820638021
1723053224026820000; 2.8042610351562502; 0.0025607971191406254
1723053224026830000; 2.7992394531249998; 0.0025613332112630212
1723053224026840000; 2.794245703125; 0.002561866251627604
1723053224026850000; 2.78922255859375; 0.0025626190185546877
1723053224026860000; 2.78416259765625; 0.0025633178710937504
1723053224026870000; 2.7792146484375; 0.0025640207926432295
1723053224026880000; 2.7741977539062503; 0.002564789835611979
1723053224026890000; 2.76917607421875; 0.002565443929036458
1723053224026900000; 2.76419560546875; 0.0025662221272786463
1723053224026910000; 2.75917138671875; 0.002566819254557292
1723053224026920000; 2.7542030273437503; 0.0025676808675130208
1723053224026930000; 2.7491776367187497; 0.0025686187744140628
1723053224026940000; 2.74417216796875; 0.002569497680664063
1723053224026950000; 2.7392768554687503; 0.0025699717203776047
1723053224026960000; 2.73426015625; 0.0025704193115234377
1723053224026970000; 2.729234375; 0.002570789591471354
1723053224026980000; 2.7242103515625002; 0.0025713073730468747
1723053224026990000; 2.7191861328125; 0.002571855672200521
1723053224027000000; 2.71421689453125; 0.0025724700927734377
1723053224027010000; 2.7091745117187505; 0.0025732198079427087
1723053224027020000; 2.704170703125; 0.002573847452799479
1723053224027030000; 2.6991908203125003; 0.002574345906575521
1723053224027040000; 2.69419541015625; 0.0025749389648437506
1723053224027050000; 2.6892161132812498; 0.002575442504882813
1723053224027060000; 2.6841868164062497; 0.002576178995768229
1723053224027070000; 2.6792033203125; 0.0025770416259765627
1723053224027080000; 2.67420537109375; 0.0025778411865234373
1723053224027090000; 2.66919384765625; 0.0025785420735677084
1723053224027100000; 2.6642094726562497; 0.0025789937337239582
1723053224027110000; 2.6592727539062504; 0.0025792612711588543
1723053224027120000; 2.654286328125; 0.002579676310221354
1723053224027130000; 2.64924765625; 0.0025801869710286463
1723053224027140000; 2.64420966796875; 0.0025806101481119794
1723053224027150000; 2.63921328125; 0.002581167602539063
1723053224027160000; 2.6342006835937504; 0.0025816975911458332
1723053224027170000; 2.62919462890625; 0.0025822235107421875
1723053224027180000; 2.62417724609375; 0.002582715861002604
1723053224027190000; 2.619209765625; 0.0025830922444661456
1723053224027200000; 2.61424033203125; 0.0025836201985677087
1723053224027210000; 2.6092129882812505; 0.0025842854817708333
1723053224027220000; 2.6042021484375; 0.002585074869791667
1723053224027230000; 2.5992173828125; 0.0025858642578125003
1723053224027240000; 2.5942029296875; 0.0025864267985026045
1723053224027250000; 2.589203515625; 0.0025869588216145835
1723053224027260000; 2.5842890625; 0.0025871480305989587
1723053224027270000; 2.57928662109375; 0.002587352498372396
1723053224027280000; 2.57424658203125; 0.0025877451578776045
1723053224027290000; 2.56923369140625; 0.0025880940755208335
1723053224027300000; 2.56422041015625; 0.0025885823567708332
1723053224027310000; 2.55919990234375; 0.0025891499837239584
1723053224027320000; 2.554194921875; 0.002589763387044271
1723053224027330000; 2.54918232421875; 0.002590203857421875
1723053224027340000; 2.54422265625; 0.0025905782063802086
1723053224027350000; 2.5392323242187502; 0.0025910430908203125
1723053224027360000; 2.5341919921875; 0.0025916290283203125
1723053224027370000; 2.5292091796875003; 0.0025923014322916673
1723053224027380000; 2.5241796875; 0.00259300537109375
1723053224027390000; 2.519206640625; 0.0025935801188151043
1723053224027400000; 2.5142033203125003; 0.0025938913981119792
1723053224027410000; 2.5091875000000003; 0.0025940541585286457
1723053224027420000; 2.504277734375; 0.0025942596435546876
1723053224027430000; 2.4992578125; 0.0025945749918619794
1723053224027440000; 2.49422041015625; 0.002594924926757813
1723053224027450000; 2.48920068359375; 0.002595486450195313
1723053224027460000; 2.4841703125; 0.0025958231608072917
1723053224027470000; 2.47917998046875; 0.002596142578125
1723053224027480000; 2.47414990234375; 0.0025965891520182294
1723053224027490000; 2.469132421875; 0.0025969055175781254
1723053224027500000; 2.4641744140624997; 0.0025973317464192706
1723053224027510000; 2.45915302734375; 0.0025979492187500003
1723053224027520000; 2.4541609375; 0.0025985402425130213
1723053224027530000; 2.4491472656249997; 0.0025992045084635416
1723053224027540000; 2.4441474609375002; 0.0025997243245442707
1723053224027550000; 2.4391649414062497; 0.0025999348958333337
1723053224027560000; 2.4341341796875; 0.002600143432617188
1723053224027570000; 2.4291683593749998; 0.0026003367106119794
1723053224027580000; 2.42423916015625; 0.002600548299153646
1723053224027590000; 2.419225; 0.0026008565266927085
1723053224027600000; 2.4142140625; 0.0026012573242187504
1723053224027610000; 2.4091494140625; 0.0026015533447265628
1723053224027620000; 2.4041560546875003; 0.002601883951822917
1723053224027630000; 2.39913681640625; 0.002602085367838542
1723053224027640000; 2.3941080078125; 0.0026024729410807296
1723053224027650000; 2.3891693359375; 0.00260274658203125
1723053224027660000; 2.38413466796875; 0.0026033345540364583
1723053224027670000; 2.3791484375; 0.0026039886474609375
1723053224027680000; 2.374134765625; 0.0026047068277994796
1723053224027690000; 2.36913447265625; 0.002605112711588542
1723053224027700000; 2.36416044921875; 0.0026052998860677085
1723053224027710000; 2.3591439453125; 0.0026053924560546877
1723053224027720000; 2.354150390625; 0.002605447387695313
1723053224027730000; 2.3492337890625; 0.0026056711832682295
1723053224027740000; 2.34421669921875; 0.002605789184570313
1723053224027750000; 2.33917939453125; 0.0026062021891276044
1723053224027760000; 2.3341509765625; 0.002606455485026042
1723053224027770000; 2.32915302734375; 0.0026066446940104173
1723053224027780000; 2.3241508789062504; 0.002606821695963542
1723053224027790000; 2.31913017578125; 0.0026071482340494796
1723053224027800000; 2.3141175781250003; 0.0026075449625651043
1723053224027810000; 2.3091337890625003; 0.002608000691731771
1723053224027820000; 2.30415654296875; 0.0026087198893229168
1723053224027830000; 2.2991486328125; 0.002609070841471354
1723053224027840000; 2.29413740234375; 0.002609626261393229
1723053224027850000; 2.2891408203125003; 0.002609733072916667
1723053224027860000; 2.284130078125; 0.002609861246744792
1723053224027870000; 2.279095703125; 0.0026099019368489586
1723053224027880000; 2.274103125; 0.002610052490234375
1723053224027890000; 2.26917685546875; 0.002610289510091146
1723053224027900000; 2.264208984375; 0.00261055908203125
1723053224027910000; 2.2591532226562503; 0.0026107503255208336
1723053224027920000; 2.25409990234375; 0.002610935465494792
1723053224027930000; 2.249099609375; 0.0026112060546875007
1723053224027940000; 2.2441034179687502; 0.0026113352457682293
1723053224027950000; 2.23911005859375; 0.002611773681640625
1723053224027960000; 2.2340873046875003; 0.0026123362223307296
1723053224027970000; 2.22910205078125; 0.0026128611246744793
1723053224027980000; 2.22412041015625; 0.0026133331298828126
1723053224027990000; 2.2191279296875; 0.0026136322021484376
1723053224028000000; 2.21415517578125; 0.0026136647542317707
1723053224028010000; 2.2091379882812503; 0.0026136728922526043
1723053224028020000; 2.2041162109375; 0.002613746134440104
1723053224028030000; 2.1990895507812502; 0.002613927205403646
1723053224028040000; 2.1942029296875; 0.002614047241210938
1723053224028050000; 2.1891983398437502; 0.0026141977945963544
1723053224028060000; 2.18414970703125; 0.0026145233154296877
1723053224028070000; 2.17912236328125; 0.0026146596272786458
1723053224028080000; 2.17409794921875; 0.0026147135416666667
1723053224028090000; 2.1691013671875; 0.0026149739583333337
1723053224028100000; 2.164101953125; 0.002615326944986979
1723053224028110000; 2.15905859375; 0.0026157735188802084
1723053224028120000; 2.15407646484375; 0.002616346232096354
1723053224028130000; 2.14907001953125; 0.002616835530598958
1723053224028140000; 2.1440667968750002; 0.0026170440673828127
1723053224028150000; 2.1390921875; 0.0026171000162760415
1723053224028160000; 2.1340740234375; 0.0026170694986979172
1723053224028170000; 2.12905498046875; 0.0026171508789062502
1723053224028180000; 2.12404912109375; 0.0026171661376953124
1723053224028190000; 2.11905341796875; 0.0026172719319661458
1723053224028200000; 2.114153125; 0.002617349243164063
1723053224028210000; 2.10913310546875; 0.002617562866210938
1723053224028220000; 2.10407880859375; 0.0026177968343098963
1723053224028230000; 2.09905458984375; 0.0026179290771484376
1723053224028240000; 2.094047265625; 0.002618210856119792
1723053224028250000; 2.0890689453125; 0.002618560791015625
1723053224028260000; 2.08403271484375; 0.0026190134684244792
1723053224028270000; 2.07898134765625; 0.00261953125
1723053224028280000; 2.0740285156250002; 0.002619854736328125
1723053224028290000; 2.069061328125; 0.002619989013671875
1723053224028300000; 2.0640778320312503; 0.0026200958251953125
1723053224028310000; 2.05904697265625; 0.0026199605305989586
1723053224028320000; 2.05402509765625; 0.0026200236002604164
1723053224028330000; 2.04901728515625; 0.002620042928059896
1723053224028340000; 2.0440150390625003; 0.0026200714111328125
1723053224028350000; 2.03904765625; 0.002620249430338542
1723053224028360000; 2.03409814453125; 0.0026203023274739582
1723053224028370000; 2.0290794921875; 0.0026204101562500005
1723053224028380000; 2.0240462890625; 0.0026206075032552084
1723053224028390000; 2.019023046875; 0.0026209187825520838
1723053224028400000; 2.0140202148437503; 0.002621258544921875
1723053224028410000; 2.0089951171875002; 0.002621764119466146
1723053224028420000; 2.00395126953125; 0.0026222340901692707
1723053224028430000; 1.998988671875; 0.0026224863688151046
1723053224028440000; 1.99399169921875; 0.002622600301106771
1723053224028450000; 1.9890080078125; 0.002622567749023438
1723053224028460000; 1.9839976562500001; 0.0026226196289062505
1723053224028470000; 1.9789611328124999; 0.0026225555419921876
1723053224028480000; 1.97398251953125; 0.0026225830078125
1723053224028490000; 1.9689837890625; 0.0026226043701171875
1723053224028500000; 1.963981640625; 0.002622733561197917
1723053224028510000; 1.95906318359375; 0.0026227762858072917
1723053224028520000; 1.9540314453125; 0.0026227803548177085
1723053224028530000; 1.9489984375; 0.002623012288411459
1723053224028540000; 1.9439975585937501; 0.002623265584309896
1723053224028550000; 1.93898837890625; 0.002623713175455729
1723053224028560000; 1.93398076171875; 0.0026240926106770833
1723053224028570000; 1.92893154296875; 0.0026245564778645835
1723053224028580000; 1.9239205078125; 0.002624858601888021
1723053224028590000; 1.9189693359375; 0.002624852498372396
1723053224028600000; 1.9140041015625002; 0.0026247395833333335
1723053224028610000; 1.9089827148437502; 0.0026247517903645835
1723053224028620000; 1.9039572265625; 0.0026246673583984375
1723053224028630000; 1.8989458984375; 0.0026248148600260418
1723053224028640000; 1.89397041015625; 0.002624712117513021
1723053224028650000; 1.88899140625; 0.0026247294108072915
1723053224028660000; 1.8839640625; 0.0026249186197916667
1723053224028670000; 1.87900615234375; 0.002624899291992188
1723053224028680000; 1.8739911132812501; 0.0026250366210937505
1723053224028690000; 1.86897177734375; 0.002625254313151042
1723053224028700000; 1.86395087890625; 0.002625665283203125
1723053224028710000; 1.85890947265625; 0.0026261199951171875
1723053224028720000; 1.85387958984375; 0.002626566569010417
1723053224028730000; 1.8488468750000002; 0.002626819864908854
1723053224028740000; 1.843830859375; 0.0026266998291015627
1723053224028750000; 1.8388578125000001; 0.0026266398111979166
1723053224028760000; 1.83385625; 0.0026265096028645833
1723053224028770000; 1.8288208984375; 0.0026264902750651044
1723053224028780000; 1.82382880859375; 0.002626541137695313
1723053224028790000; 1.81885263671875; 0.0026265513102213547
1723053224028800000; 1.81386689453125; 0.0026265686035156248
1723053224028810000; 1.80882822265625; 0.0026266092936197915
1723053224028820000; 1.8039064453125; 0.0026265940348307293
1723053224028830000; 1.79888984375; 0.002626859537760417
1723053224028840000; 1.79384091796875; 0.0026270395914713544
1723053224028850000; 1.78883701171875; 0.0026274912516276046
1723053224028860000; 1.7838185546874998; 0.0026279307047526045
1723053224028870000; 1.77881171875; 0.0026282806396484377
1723053224028880000; 1.77381533203125; 0.002628403727213542
1723053224028890000; 1.76879521484375; 0.0026282216389973963
1723053224028900000; 1.76381962890625; 0.0026281748453776043
1723053224028910000; 1.75880703125; 0.002628019205729167
1723053224028920000; 1.75378681640625; 0.002628075154622396
1723053224028930000; 1.7488099609375; 0.0026279429117838544
1723053224028940000; 1.7438084960937499; 0.002627965291341146
1723053224028950000; 1.7388130859375; 0.0026280161539713543
1723053224028960000; 1.73380400390625; 0.002628080240885417
1723053224028970000; 1.7287925781250002; 0.0026281392415364586
1723053224028980000; 1.72387060546875; 0.0026282124837239585
1723053224028990000; 1.71887099609375; 0.0026285837809244795
1723053224029000000; 1.7138300781250002; 0.0026289286295572917
1723053224029010000; 1.70881357421875; 0.0026294576009114586
1723053224029020000; 1.70379794921875; 0.002629781087239583
1723053224029030000; 1.69880126953125; 0.0026298309326171876
1723053224029040000; 1.69379091796875; 0.0026297200520833336
1723053224029050000; 1.68876337890625; 0.002629592895507813
1723053224029060000; 1.6837980468750002; 0.0026294759114583333
1723053224029070000; 1.678796484375; 0.0026294514973958334
1723053224029080000; 1.67379619140625; 0.0026293894449869793
1723053224029090000; 1.6687895507812502; 0.0026293813069661457
1723053224029100000; 1.6637822265625002; 0.0026293772379557294
1723053224029110000; 1.65879140625; 0.0026293792724609378
1723053224029120000; 1.6537596679687498; 0.0026295766194661457
1723053224029130000; 1.6487619140625; 0.0026296824137369795
1723053224029140000; 1.6438261718750002; 0.0026299641927083335
1723053224029150000; 1.6388193359375; 0.002630369059244792
1723053224029160000; 1.63381279296875; 0.0026306691487630214
1723053224029170000; 1.6287727539062502; 0.002630980428059896
1723053224029180000; 1.62377529296875; 0.002630913289388021
1723053224029190000; 1.61875673828125; 0.0026309041341145835
1723053224029200000; 1.6137308593750002; 0.002630758666992188
1723053224029210000; 1.60874990234375; 0.0026306060791015627
1723053224029220000; 1.6037708007812501; 0.00263056640625
1723053224029230000; 1.59878603515625; 0.002630517578125
1723053224029240000; 1.59378203125; 0.002630347696940104
1723053224029250000; 1.5887773437500001; 0.002630411783854167
1723053224029260000; 1.5837821289062501; 0.002630438232421875
1723053224029270000; 1.578758984375; 0.002630577596028646
1723053224029280000; 1.57375888671875; 0.002630752563476563
1723053224029290000; 1.5688362304687502; 0.002631090291341146
1723053224029300000; 1.56382841796875; 0.0026314534505208335
1723053224029310000; 1.558785546875; 0.002631802368164063
1723053224029320000; 1.5537796875; 0.0026320159912109377
1723053224029330000; 1.54875615234375; 0.0026320597330729166
1723053224029340000; 1.5437502929687499; 0.0026319468180338547
1723053224029350000; 1.5387216796875; 0.00263194580078125
1723053224029360000; 1.5336966796875; 0.002631720987955729
1723053224029370000; 1.528720703125; 0.0026316548665364587
1723053224029380000; 1.5237255859375; 0.002631614176432292
1723053224029390000; 1.51871259765625; 0.002631448364257813
1723053224029400000; 1.51370537109375; 0.0026315226236979165
1723053224029410000; 1.50871181640625; 0.0026314829508463544
1723053224029420000; 1.5037103515625; 0.0026315948486328126
1723053224029430000; 1.49872099609375; 0.002631766764322917
1723053224029440000; 1.4937185546875; 0.0026321136474609375
1723053224029450000; 1.4887630859375; 0.0026325307210286458
1723053224029460000; 1.4837700195312502; 0.0026330393473307295
1723053224029470000; 1.4787291015625001; 0.0026330373128255207
1723053224029480000; 1.4737189453125001; 0.0026329884847005208
1723053224029490000; 1.46870849609375; 0.002632848103841146
1723053224029500000; 1.46369814453125; 0.0026327880859375002
1723053224029510000; 1.4586796875; 0.0026325531005859377
1723053224029520000; 1.45366513671875; 0.002632536824544271
1723053224029530000; 1.44870009765625; 0.0026324666341145837
1723053224029540000; 1.443701171875; 0.0026324300130208334
1723053224029550000; 1.4386792968750002; 0.002632402547200521
1723053224029560000; 1.4336865234375; 0.002632441202799479
1723053224029570000; 1.42868525390625; 0.002632480875651042
1723053224029580000; 1.4236794921875; 0.0026328084309895834
1723053224029590000; 1.4186564453125001; 0.002633111572265625
1723053224029600000; 1.41368818359375; 0.0026334930419921877
1723053224029610000; 1.4087439453125001; 0.002633831787109375
1723053224029620000; 1.4037388671875002; 0.002634051513671875
1723053224029630000; 1.3987250976562502; 0.0026339864095052084
1723053224029640000; 1.3936955078125002; 0.002633757527669271
1723053224029650000; 1.3886803710937499; 0.002633547973632813
1723053224029660000; 1.3836630859375; 0.002633476765950521
1723053224029670000; 1.37863583984375; 0.002633311971028646
1723053224029680000; 1.37368154296875; 0.002633269246419271
1723053224029690000; 1.36866455078125; 0.0026331390380859377
1723053224029700000; 1.3636584960937501; 0.002633164469401042
1723053224029710000; 1.35865439453125; 0.0026331970214843754
1723053224029720000; 1.35364814453125; 0.0026332407633463547
1723053224029730000; 1.3486753906250002; 0.002633542887369792
1723053224029740000; 1.3436577148437499; 0.0026340342203776046
1723053224029750000; 1.3386460937500002; 0.0026343536376953127
1723053224029760000; 1.33372529296875; 0.0026346954345703127
1723053224029770000; 1.3287211914062498; 0.0026347686767578126
1723053224029780000; 1.3236897460937502; 0.0026347045898437505
1723053224029790000; 1.3186833007812502; 0.002634477742513021
1723053224029800000; 1.3136625000000002; 0.002634307861328125
1723053224029810000; 1.3086748046874999; 0.002634258015950521
1723053224029820000; 1.30363896484375; 0.0026339935302734374
1723053224029830000; 1.29859169921875; 0.002633910115559896
1723053224029840000; 1.2936377929687501; 0.0026337585449218754
1723053224029850000; 1.2886388671875; 0.0026338338216145836
1723053224029860000; 1.283646484375; 0.002633817545572917
1723053224029870000; 1.2786374023437501; 0.002634122721354167
1723053224029880000; 1.2736086914062499; 0.002634447224934896
1723053224029890000; 1.26863056640625; 0.002634757486979167
1723053224029900000; 1.2636318359375; 0.002635002644856771
1723053224029910000; 1.2586484375; 0.0026353769938151045
1723053224029920000; 1.2537138671875; 0.0026353729248046877
1723053224029930000; 1.248675; 0.002635245768229167
1723053224029940000; 1.24365888671875; 0.002635298665364583
1723053224029950000; 1.2386291015625002; 0.0026350677490234375
1723053224029960000; 1.2336228515625; 0.0026348937988281253
1723053224029970000; 1.2286053710937501; 0.0026347361246744794
1723053224029980000; 1.2235500000000001; 0.0026345784505208336
1723053224029990000; 1.218552734375; 0.002634496053059896
1723053224030000000; 1.21358125; 0.0026344950358072917
1723053224030010000; 1.2085916015625; 0.002634588623046875
1723053224030020000; 1.2035810546874999; 0.0026347676595052084
1723053224030030000; 1.1985322265625; 0.0026351755777994797
1723053224030040000; 1.19356064453125; 0.002635499064127604
1723053224030050000; 1.1885662109375001; 0.0026358652750651046
1723053224030060000; 1.1835677734374999; 0.002636180623372396
1723053224030070000; 1.17863671875; 0.0026361419677734376
1723053224030080000; 1.1736041015625; 0.0026360056559244795
1723053224030090000; 1.16858232421875; 0.0026357137044270835
1723053224030100000; 1.16358720703125; 0.002635575358072917
1723053224030110000; 1.1585848632812499; 0.002635528564453125
1723053224030120000; 1.15357373046875; 0.0026352915445963542
1723053224030130000; 1.14853271484375; 0.002635142008463542
1723053224030140000; 1.14350947265625; 0.0026351603190104167
1723053224030150000; 1.13855791015625; 0.0026351704915364587
1723053224030160000; 1.13356513671875; 0.002635301717122396
1723053224030170000; 1.1285451171875; 0.0026354054768880208
1723053224030180000; 1.12351806640625; 0.002635774739583334
1723053224030190000; 1.1185107421875; 0.0026360799153645836
1723053224030200000; 1.113540625; 0.0026364023844401042
1723053224030210000; 1.1085427734375; 0.002636619059244792
1723053224030220000; 1.10354404296875; 0.0026367034912109376
1723053224030230000; 1.0985845703125; 0.002636521402994792
1723053224030240000; 1.0935886718749999; 0.002636448160807292
1723053224030250000; 1.088575390625; 0.002636223347981771
1723053224030260000; 1.0835593749999999; 0.002636114501953125
1723053224030270000; 1.07855595703125; 0.002635893758138021
1723053224030280000; 1.07352236328125; 0.0026357218424479167
1723053224030290000; 1.06850888671875; 0.002635745239257813
1723053224030300000; 1.06349521484375; 0.00263577880859375
1723053224030310000; 1.05852314453125; 0.002635875447591146
1723053224030320000; 1.05352490234375; 0.0026360677083333336
1723053224030330000; 1.0484931640625; 0.0026363708496093753
1723053224030340000; 1.043498046875; 0.0026368774414062502
1723053224030350000; 1.0385115234375; 0.002637131754557292
1723053224030360000; 1.033513671875; 0.0026372863769531254
1723053224030370000; 1.0285099609375; 0.002637187703450521
1723053224030380000; 1.02351787109375; 0.002637067667643229
1723053224030390000; 1.01858369140625; 0.0026369079589843754
1723053224030400000; 1.01358017578125; 0.0026368072509765626
1723053224030410000; 1.008578125; 0.0026367126464843754
1723053224030420000; 1.003541796875; 0.0026364715576171877
1723053224030430000; 0.9985268554687501; 0.0026362447102864584
1723053224030440000; 0.9935255859375001; 0.0026362019856770837
1723053224030450000; 0.9885083984375; 0.0026362019856770837
1723053224030460000; 0.98354365234375; 0.002636271158854167
1723053224030470000; 0.9785254882812501; 0.00263662109375
1723053224030480000; 0.97349501953125; 0.002637021891276042
1723053224030490000; 0.9685158203125; 0.002637375895182292
1723053224030500000; 0.9635232421875; 0.002637645467122396
1723053224030510000; 0.9585382812500001; 0.0026376993815104164
1723053224030520000; 0.9535315429687501; 0.002637717692057292
1723053224030530000; 0.94850673828125; 0.002637516276041667
1723053224030540000; 0.94358994140625; 0.0026372507731119792
1723053224030550000; 0.9385965820312501; 0.002637200927734375
1723053224030560000; 0.9335814453125001; 0.0026371734619140626
1723053224030570000; 0.92856484375; 0.002636920166015625
1723053224030580000; 0.9235224609375; 0.0026368123372395836
1723053224030590000; 0.9185192382812499; 0.0026367970784505214
1723053224030600000; 0.913503515625; 0.0026368428548177087
1723053224030610000; 0.90848291015625; 0.0026369323730468753
1723053224030620000; 0.90349423828125; 0.002637271118164063
1723053224030630000; 0.898466015625; 0.002637600708007813
1723053224030640000; 0.8934721679687501; 0.002637969970703125
1723053224030650000; 0.8884756835937501; 0.0026381815592447914
1723053224030660000; 0.883468359375; 0.0026382883707682294
1723053224030670000; 0.8784765625; 0.002638213094075521
1723053224030680000; 0.873453515625; 0.002638096110026042
1723053224030690000; 0.86847490234375; 0.002637899780273438
1723053224030700000; 0.86352568359375; 0.002637704467773438
1723053224030710000; 0.8585349609374999; 0.002637629191080729
1723053224030720000; 0.8535224609375; 0.0026374786376953123
1723053224030730000; 0.8484701171875; 0.002637338256835938
1723053224030740000; 0.84348720703125; 0.0026373280843098963
1723053224030750000; 0.8384736328125; 0.002637230428059896
1723053224030760000; 0.83346298828125; 0.0026373870849609377
1723053224030770000; 0.828442578125; 0.002637740071614583
1723053224030780000; 0.8234418945312499; 0.0026380798339843753
1723053224030790000; 0.8184430664062501; 0.002638446044921875
1723053224030800000; 0.81343369140625; 0.0026387156168619793
1723053224030810000; 0.8084188476562499; 0.002638743082682292
1723053224030820000; 0.8034346679687501; 0.0026386149088541665
1723053224030830000; 0.79840703125; 0.002638493855794271
1723053224030840000; 0.7934262695312501; 0.0026384287516276043
1723053224030850000; 0.78849560546875; 0.00263824462890625
1723053224030860000; 0.78347470703125; 0.002638129679361979
1723053224030870000; 0.77846005859375; 0.0026378570556640627
1723053224030880000; 0.7734540039062501; 0.002637797037760417
1723053224030890000; 0.7684486328125; 0.00263773193359375
1723053224030900000; 0.7634369140625; 0.002637741088867188
1723053224030910000; 0.7583896484375; 0.002637821451822917
1723053224030920000; 0.75338984375; 0.002638209025065104
1723053224030930000; 0.74838984375; 0.002638602701822917
1723053224030940000; 0.7433990234375; 0.0026389678955078127
1723053224030950000; 0.73838134765625; 0.0026390960693359377
1723053224030960000; 0.7333754882812501; 0.0026389770507812505
1723053224030970000; 0.7283863281249999; 0.002638994344075521
1723053224030980000; 0.7233711914062501; 0.00263887939453125
1723053224030990000; 0.7183803710937501; 0.002638900756835938
1723053224031000000; 0.7133730468750001; 0.0026386220296223963
1723053224031010000; 0.70841728515625; 0.0026384928385416668
1723053224031020000; 0.7034251953125; 0.002638396199544271
1723053224031030000; 0.69839736328125; 0.002638182576497396
1723053224031040000; 0.6934171875; 0.002638137817382813
1723053224031050000; 0.68839072265625; 0.0026382059733072918
1723053224031060000; 0.68337265625; 0.0026384419759114585
1723053224031070000; 0.67835576171875; 0.002638768513997396
1723053224031080000; 0.6733367187500001; 0.002639068603515625
1723053224031090000; 0.6683638671875001; 0.0026394236246744794
1723053224031100000; 0.66334248046875; 0.002639604695638021
1723053224031110000; 0.65834697265625; 0.002639589436848959
1723053224031120000; 0.6533546875; 0.002639502970377604
1723053224031130000; 0.648329296875; 0.0026393981933593752
1723053224031140000; 0.6433478515625001; 0.0026391672770182295
1723053224031150000; 0.63833310546875; 0.002639102172851563
1723053224031160000; 0.6333638671875; 0.0026389546712239586
1723053224031170000; 0.628423828125; 0.0026387156168619793
1723053224031180000; 0.6234036132812499; 0.0026385813395182296
1723053224031190000; 0.6184025390625; 0.0026386393229166664
1723053224031200000; 0.61338037109375; 0.0026387563069661464
1723053224031210000; 0.60835302734375; 0.0026388753255208335
1723053224031220000; 0.603345703125; 0.0026391916910807295
1723053224031230000; 0.59829345703125; 0.0026395955403645836
1723053224031240000; 0.59333251953125; 0.0026398946126302086
1723053224031250000; 0.58830751953125; 0.002640086873372396
1723053224031260000; 0.58329140625; 0.0026399943033854167
1723053224031270000; 0.5783193359375001; 0.002639825439453125
1723053224031280000; 0.57329892578125; 0.002639859008789063
1723053224031290000; 0.56830283203125; 0.002639631144205729
1723053224031300000; 0.56328544921875; 0.002639597574869792
1723053224031310000; 0.5582723632812501; 0.002639382934570313
1723053224031320000; 0.55335205078125; 0.0026391357421875
1723053224031330000; 0.548340625; 0.002639073689778646
1723053224031340000; 0.5433353515625; 0.0026389973958333337
1723053224031350000; 0.5383251953125; 0.002639042154947917
1723053224031360000; 0.5333212890625; 0.002639310709635417
1723053224031370000; 0.52832939453125; 0.0026396331787109377
1723053224031380000; 0.5232888671875; 0.0026400583902994796
1723053224031390000; 0.51828056640625; 0.0026402801513671875
1723053224031400000; 0.5132767578125; 0.002640428670247396
1723053224031410000; 0.5082630859375; 0.0026403289794921874
1723053224031420000; 0.5032712890625001; 0.0026402333577473956
1723053224031430000; 0.49826679687500003; 0.0026401143391927085
1723053224031440000; 0.49326787109375003; 0.002640038045247396
1723053224031450000; 0.48825673828125; 0.00263992919921875
1723053224031460000; 0.48324902343750004; 0.0026397684733072916
1723053224031470000; 0.4782638671875; 0.002639542643229167
1723053224031480000; 0.47329365234375004; 0.002639456176757813
1723053224031490000; 0.46831259765625; 0.002639446004231771
1723053224031500000; 0.46329785156250003; 0.002639544677734375
1723053224031510000; 0.45829169921875; 0.002639836629231771
1723053224031520000; 0.4532921875; 0.0026400960286458337
1723053224031530000; 0.44826220703125; 0.0026404937744140627
1723053224031540000; 0.44324687500000004; 0.002640680948893229
1723053224031550000; 0.43824111328125; 0.0026407867431640624
1723053224031560000; 0.4332275390625; 0.0026407684326171877
1723053224031570000; 0.4282458984375; 0.002640639241536458
1723053224031580000; 0.423219140625; 0.0026405415852864583
1723053224031590000; 0.41823925781250004; 0.002640434773763021
1723053224031600000; 0.41323437500000004; 0.0026403432210286458
1723053224031610000; 0.40820595703125; 0.00264013671875
1723053224031620000; 0.40321513671875003; 0.0026398834228515628
1723053224031630000; 0.398261328125; 0.0026397888183593756
1723053224031640000; 0.3932705078125; 0.0026399200439453123
1723053224031650000; 0.38824248046875; 0.0026398468017578124
1723053224031660000; 0.38325009765624996; 0.0026402740478515627
1723053224031670000; 0.3782708984375; 0.002640630086263021
1723053224031680000; 0.37325332031249997; 0.002640863037109375
1723053224031690000; 0.36824296875; 0.0026411326090494793
1723053224031700000; 0.36320283203125003; 0.00264117431640625
1723053224031710000; 0.35821611328125; 0.002641094970703125
1723053224031720000; 0.3532052734375; 0.0026410339355468753
1723053224031730000; 0.3481974609375; 0.0026409098307291668
1723053224031740000; 0.34322275390625; 0.0026406829833984374
1723053224031750000; 0.33821103515624995; 0.0026405853271484377
1723053224031760000; 0.33320605468750003; 0.0026404764811197917
1723053224031770000; 0.32820751953125; 0.0026402903238932295
1723053224031780000; 0.323204296875; 0.002640214029947917
1723053224031790000; 0.31821318359375; 0.0026402567545572918
1723053224031800000; 0.31321611328125004; 0.0026404123942057297
1723053224031810000; 0.3082271484375; 0.0026407460530598957
1723053224031820000; 0.30325; 0.00264105224609375
1723053224031830000; 0.29823642578125; 0.0026414306640625
1723053224031840000; 0.2932142578125; 0.0026416249593098962
1723053224031850000; 0.28817490234375; 0.002641497802734375
1723053224031860000; 0.28315791015624997; 0.0026412994384765625
1723053224031870000; 0.27817080078125; 0.0026411885579427086
1723053224031880000; 0.27314345703125; 0.00264117431640625
1723053224031890000; 0.268133203125; 0.002641143798828125
1723053224031900000; 0.2631416015625; 0.0026410461425781253
1723053224031910000; 0.2581373046875; 0.0026407786051432292
1723053224031920000; 0.25314580078125; 0.0026406514485677085
1723053224031930000; 0.2481333984375; 0.002640587361653646
1723053224031940000; 0.243136328125; 0.0026406494140625
1723053224031950000; 0.238168359375; 0.0026407775878906255
1723053224031960000; 0.23316718749999998; 0.0026410634358723963
1723053224031970000; 0.22819814453125; 0.0026414103190104165
1723053224031980000; 0.22319072265625; 0.002641709391276042
1723053224031990000; 0.21817666015625; 0.0026418212890625004
1723053224032000000; 0.2131638671875; 0.002641718546549479
1723053224032010000; 0.2081224609375; 0.002641721598307292
1723053224032020000; 0.20315644531250002; 0.0026416625976562504
1723053224032030000; 0.19811572265625; 0.0026416748046875
1723053224032040000; 0.19309169921875; 0.0026414632161458336
1723053224032050000; 0.1881154296875; 0.0026413167317708335
1723053224032060000; 0.18312841796875; 0.002641064453125
1723053224032070000; 0.17813564453125; 0.0026410074869791665
1723053224032080000; 0.17310859374999998; 0.0026409637451171876
1723053224032090000; 0.16809013671875; 0.0026410461425781253
1723053224032100000; 0.16313662109375; 0.0026412526448567706
1723053224032110000; 0.15814423828125002; 0.002641581217447917
1723053224032120000; 0.15316904296875; 0.0026418589274088545
1723053224032130000; 0.14817646484375; 0.002642253621419271
1723053224032140000; 0.143158984375; 0.0026422241210937504
1723053224032150000; 0.138155859375; 0.0026422434488932293
1723053224032160000; 0.1331330078125; 0.002642047119140625
1723053224032170000; 0.12812060546875; 0.002642013549804688
1723053224032180000; 0.123104296875; 0.0026419474283854165
1723053224032190000; 0.11807324218750001; 0.002641856892903646
1723053224032200000; 0.11308623046875001; 0.0026417002360026045
1723053224032210000; 0.10809296874999999; 0.0026413777669270833
1723053224032220000; 0.10310273437499999; 0.002641300455729167
1723053224032230000; 0.0980900390625; 0.0026413126627604167
1723053224032240000; 0.09306640625; 0.0026413706461588544
1723053224032250000; 0.08808974609374999; 0.002641643269856771
1723053224032260000; 0.083095703125; 0.002641960652669271
1723053224032270000; 0.07813154296875; 0.0026422810872395834
1723053224032280000; 0.07312548828125; 0.002642432657877604
1723053224032290000; 0.06813154296875; 0.002642613728841146
1723053224032300000; 0.06314052734375; 0.0026424845377604166
1723053224032310000; 0.058114746093749996; 0.0026425374348958337
1723053224032320000; 0.05310673828125; 0.002642276000976563
1723053224032330000; 0.04806962890625; 0.0026422922770182296
1723053224032340000; 0.043035742187499997; 0.002642116292317708
1723053224032350000; 0.0380283203125; 0.002641917928059896
1723053224032360000; 0.0330365234375; 0.0026416625976562504
1723053224032370000; 0.028042773437499998; 0.002641612752278646
1723053224032380000; 0.023006542968749998; 0.0026416595458984378
1723053224032390000; 0.017967187500000002; 0.002641869099934896
1723053224032400000; 0.013128515625000002; 0.0026421213785807296

